mentor,co_author,num1,db_teahcer,num2
王大中,"徐元辉,林家桂,张谨奕,薄涵亮,董铎,刘惠琴,胡久大,张达芳,杨巾农,贺美英,王飞,佟允宪,庄谨,王大中,姜胜耀,张佑杰,吴少融,博金海,钟大辛,蒋志强,郑文祥,孙玉良,叶遂生,高祖瑛,张作义,姚梅生,吴宗鑫,吴元强,刘继国,陈皓明,秦本科,马昌文",32,"刘惠琴,王飞,王大中",3
王小云,"徐晴雯,王小云,刘梅,王燕卿,廖彬超",5,"王小云,廖彬超",2
王光谦,"方红卫,钟德钰,贺莉,刘荣华,周沙,石伟,陈稚聪,冉启华,李铁建,韩雁,邓利,赵建世,唐爽,杨本均,陈祖华,詹秀玲,丁S,左海凤,王费新,孙金辉,郭海丹,阎满存,刘家宏,张成,陈志祥,傅旭东,王皓,唐文哲,何国建,李海红,王开,刘帆,闫满存,王兴奎,张修忠,王士强,董曾南,孙其诚,翁燕章,强茂山,邵学军,韩文亮,王忠静,王丽珍,周建军,邵颂东,高洁,和杨,胡德超,马宏博,王光谦,刘学,郭碧云,金峰,魏加华,韩军,陈前海,张国生,张仁,费祥俊,翁文斌,陈良程,张楚汉,李铁键,刘绿波,田坤,王兆印,黄跃飞,张长春,张红武,吴保生,刘金梅",72,"金峰,孙其诚,钟德钰,方红卫,强茂山,张仁,石伟,邵学军,王忠静,唐文哲,周建军,傅旭东,张楚汉,李铁键,赵建世,王兆印,黄跃飞,张红武,吴保生,王光谦",20
王志新,"辛凤姣,梅子青,但琼洁,王珏,王志新,任],邹宗平,解树涛,李成林,陈雷,何宜生,刘奕彤,王杰,牛小力,曹露莎,张媛媛,刘欣,孙之荣,亓平言,周海梦,赵帆,吴振国,吴惊香,李盛杰,吴嘉炜",25,"王志新,吴嘉炜,陈雷",3
王补宣,"胡海滔,叶大均,刘冬,袁浩江,段远源,彭晓峰,郭亮,李泽梁,饶燕飞,邓小雪,胡雪蛟,包素锦,胡柏耿,焦芝林,徐鹏,郑可可,傅国光,杜建华,安刚,罗棣庵,张文喜,李成,王仁,朱明善,刘荣,雷树业,李天铎,李宏,李清海,闻劭意,卞卫,石德惠,文东升,林旭平,赵俊杰,马骥,李俊明,吴占松,姜培学,柯道友,吴伟,张会勇,许路,黄梅,杨继东,陆规,杜小泽,陈骁,任泽霈,田勇,王昊,李春辉,张增刚,王补宣,林唯耕,胡杭英,肖云汉,颜岩,韩礼钟,潘钦,刘志坚,刘志宏,徐罕,杨阳,李海明,王维城,张立宁,张能力,杨震,李丽,盛文彦,张金涛,王峥,张衍国,张志军,林兆庄,戴闻亭",77,"王补宣,李俊明,姜培学,段远源,李成,柯道友,杨震,张衍国,张志军,李清海",10
王崇愚,"周正,于潇翔,王山鹰,葛麟,王崇愚,郑立宝,周俊哲,刘争光",8,"王山鹰,王崇愚",2
卢强,"康重庆,马进,王俊杰,刘锋,沈瑜,张雪敏,陈菊明,陈雪青,赵志勇,孙郁松,韩英铎,黎雄,孙春晓,陈颖,关天祺,沈沉,郑少明,蒋晓华,胡伟,吴佳耘,江健健,王仲鸿,桂小阳,孙元章,倪向萍,何光宇,乔颖,高景德,夏清,梅生伟,赵争鸣,陈来军,王克稳,陈昆仑,刘建政,王志芳,谢邦鹏,董新洲,祁达才,刘戈平,袁立强,李树荣,卢强",43,"韩英铎,卢强",2
丘成桐,丘成桐,1,丘成桐,1
邝宇平,"何红建,邝宇平",2,邝宇平,1
过增元,"肖鹏,郭靖原,吴宏,庄文红,王海东,洪泽恺,魏澍,朱宏晔,胡帼杰,杨立军,李志信,周森泉,董源,庞江涛,刘理天,李震,严环,陈群,徐宁,苏欣,曲伟林,陈林,杜东兴,罗小兵,李纪珍,陈民,曹炳阳,王金照,夏再忠,罗晓迎,王崧,谭立彦,吴群刚,吴贵生,任建勋,冯晓利,程新广,杨弘,尹执中,张信荣,黄建华,姬朝h,侯泉文,周维强,陈泽敬,梁新刚,孟继安,李晓伟,宋耀祖,程雪涛,刘云龙,祁建伟,张红梅,吴鹰,过增元,赵国昌,谢伟,布卫红,马维刚,杨春,柳雄斌,桂业伟,郭英奎,万凯,熊大曦,李德玉,徐云生,胡桅林,邬小波,徐向华,张清光,王遵敬,李娜",73,"马维刚,杨春,陈泽敬,梁新刚,陈民,孟继安,曹炳阳,李震,刘理天,李志信,陈群,徐向华,任建勋,过增元",14
成会明,,0,,0
朱邦芬,"杨福家,朱邦芬,吕嵘,陈佐子,蔡纬,刘仁保,王青,卢海舟,李仲明,王靖",10,"吕嵘,王青,朱邦芬",3
朱静,"崔孟龙,方芳,袁俊,眭,张友生,罗俊,孟卫东,周惠华,蔡明春,高尚鹏,闫星旭,马超,马远乐,顾家琳,钟,闫允杰,黄鸣,吕宁,陈晓明,陈福荣,杨桦,朱静,潘涛",23,"钟,朱静",2
李亚栋,"吴宇恩,寇会忠,龚鸣,彭卿,寇鹏,李亚栋,张h,周海成,李惟嘉,崔爱莉,王阳刚,梁家和,孙晓明,庄京,周和平,周北川,匡汉茂,杨瑞,王训,孟令F,金招芬,樊钦平,武增华,陆君,谢厅,张寅平,李宇鹏,何奕,刘向文,牛志强,王定胜,邓兆祥,李春辉,蔡双飞,李福利,王海英,陈兴,董亚杰,娄天军,邱文丰,陈森林",41,"寇会忠,崔爱莉,李亚栋,王训,王定胜",5
李衍达,"袁远,毛志宏,孙应飞,朱江,林盛,周晋,周晴,闻芳,汪小我,冯太林,顾启泰,常回,樊晓丹,王哲,吴杰,张静,周杰,李崇荣,陈慧蓉,陆文凯,吴君明,蔡弘,卢春雨,张海云,罗晖,张贤达,潘东,路海明,冯振明,张长水,董立军,常迥,戴琼海,汤跃忠,卢增祥,刘智新,陈定国,张良杰,王普,卢旭光,夏慧煜,庄永龙,车文刚,马革新,罗发龙,王真理,范京,蔡登,李楠,肖创柏,姚欣,吴忠泽,季星来,陈弘原,冯仿,张雪枫,武宏伟,马云潜,陈慧容,阎辉,黄力菲,孙国富,卢欣,刘宇新,黄颖,曹敏,计宏凯,李梢,胡驰峰,张大力,刘达,李鲲鹏,陈惠民,叶龙,李衍达,邹红星,梁应敞,孙之荣,刘业新,张立勇,常,常,税正全,许建华,王殿军,张学工",86,"戴琼海,李梢,李衍达,李楠,卢旭光,王哲,张静,张长水,李崇荣,张学工,汪小我",11
李家明,,0,,0
李惕碚,李惕碚,1,李惕碚,1
李蓬,"李克强,王志浩,姚慧斓,李蓬,罗禹贡,金达锋,齐敬总,赵杰,李志方",9,"李克强,金达锋,李蓬,罗禹贡",4
杨卫,"陈明祥,虞洪辉,施松华,王宏涛,吕荣侠,李振海,刘小明,李晓雁,杨卫,黄建明,张维,杨帆,李晶,余寿文,张宿林,方菲,杜庆华,傅强,马新玲,阎勇,卿海,陆明万,方岱宁,戴福隆,章湘明,孟凡颢,黄春梅,郑泉水,朱廷,翟萌萌,王虎妹,孙以实,单思聪,冯西桥,邢永明,黄克智,范华林,傅增力,郭田福,李腾,殷露中,李俊峰,章光华,王惠军,王斌,卫欣,洪伟,孙庆平,高蕴昕,庄茁",50,"郑泉水,李俊峰,吕荣侠,王斌,孙以实,李晓雁,洪伟,冯西桥,方菲,杨卫,黄克智,庄茁,杨帆",13
杨振宁,"汪忠,李荫远,杨振宁",3,"汪忠,杨振宁",2
吴良镛,"徐莹光,朱文一,王南,栗德祥,张悦,张杰,刘健,吴良镛,单军,边兰春,吴唯佳,庄惟敏,毛其智,尹稚,武廷海",15,吴良镛,1
邱勇,"庞洪涛,邵彦青,刘亚兰,赵炎,李琛,朱五星,姜秀光,施汉昌,马蓓蓓,曹立礼,侯艳玲,吴媛媛,静贺,唐应武,雷钢铁,李扬,常春,李Z,常杪,宋伟杰,段炼,乔娟,陈青,丁河舟,谢俊峰,胡庆渝,邵炎,刘,何苗,赵福群,黄根茂,孙海涛,李若华,李冰,宋心琦,孙永铎,王小燕,曾思育,胡晓明,柯细勇,徐丽婕,刘艳臣,张锐,谢俊锋,邱勇,高瑞,陶然,张复实,张东东,王立铎,张菁,牛广达,陈杰,高裕弟,胡远川,李斌,陈立,沈童刚,郭晓春,李杨,陈亮,刘宇宏,杨勇,魏鹏,杨新宇,曾雄辉,郭媛媛,熊天煜,董桂芳,万博全,高鸿锦,赵谊华,王志强,李浩源,吴国是,康博南,张德强,王威,周小红,董润安,侯留东,王佳伟",82,"刘宇宏,曾思育,李杨,何苗,董桂芳,刘艳臣,赵福群,邱勇,张德强,周小红,王立铎,常杪,王佳伟",13
张希,"刘赞,马宁,谭欣欣,姚振汉,石味青,刘志华,刘传军,徐俊,杨辉,刘晓光,万鹏博,宋波,许华平,张义恒,张希,陈森林,李思超,张宏宇,蒋玉贵,祁光霞,张思梦,邢义波,刘冬生,任慧峰,王广通,韩朋,张佳玮,杨柳林,王亚培,王治强,王朝,高见,李磊,牛嘉,王邦达,吴光鹭,刘一流,于莹",38,"刘冬生,许华平,王朝,王治强,张希",5
张首晟,,0,,0
张钹,"张朝晖,李强,黄必清,何克忠,吴鸣锐,谭刚,陈正,周云晖,徐光佑,张淮,陈陈,陶品,林福宗,张怡颖,宋雪峰,陈玉宇,于达,杨明,袁曾任,马少平,陶西平,叶榛,梁路宏,王勋先,周远清,谌卫军,韩玫,袁进辉,陆建业,孙增圻,郭木河,佟子健,鲁涛,郑武杰,孙富春,柳常青,贺思敏,王田苗,陆玉昌,张钹,贾培发,杨磊,张再兴,艾海舟,孙红岩,刘文举,夏莹,朱小燕,董斌,李永成",50,"马少平,李强,黄必清,张钹,张再兴,艾海舟,陶品,朱小燕,孙富春",9
张楚汉,"江汇,黄云,鲁军,张光斗,崔玉柱,王少敏,宋世雄,尹显俊,冯令民,施明光,李未显,李庆斌,吴健,迟福东,周元德,马吉明,刘建国,寇立夯,王光纶,沈怀至,阎俊义,王恩志,王津龙,侯艳丽,潘坚文,阎承大,徐艳杰,汪强,陈昌伟,甘孝清,王刚,孙其诚,宋崇民,费明龙,王进廷,廖邦政,彭冈,李鹏辉,贺春晖,武明鑫,金峰,王品江,刘新佳,郭长青,刘天云,蔡小莹,王保国,张楚汉,熊祥斌,张伟,金锋,安雪晖",52,"金峰,孙其诚,周元德,刘建国,马吉明,刘天云,王进廷,王保国,王恩志,张楚汉,潘坚文,徐艳杰,张伟,安雪晖,李庆斌",15
陆建华,"王章磊,朱亮,陈翔,赖卫东,刘庚峰,吴胜,陈智君,肖潇,姚彦,张宇,郑君里,龙毅,晏坚,黄振,张昱,陈曦,李琪,于烨,李湘滨,李楚翔,汤恒胜,贾亦真,程晓军,刘涛,申莉华,邱见明,衡量,吴佑寿,王京,顾娜,曲欣茹,宋亚东,张建良,余晓华,詹亚锋,苏英俊,刘凯,张超,葛启宏,杜冰,王Q,匡麟玲,裴玉奎,金燕,张盛,王沈泽,倪祖耀,王明曙,袁兵兵,叶艳珠,王萌,陶晓明,肖振宇,曹志刚,张丹华,殷柳国,熊剑平,尤政,张丽,黎海涛,刘伟华,刘润生,朱纯益,朱宏杰,王剑锋,邓卉,余成伟,陈伟胜,肖立民,宋晓光,张凯斌,陈实,谢廷俊,苏光大,田旭生,姚飞,王芳,陆洋,傅建勋,高勇,韩丰,周祖成,谌德荣,邢腾飞,陆建华,吴建强,陈雄飞,葛宁,梅顺良,许希斌,陈为刚,王有政,高晓琳,谢旭东,黄晓,姜显扬,林孝康,宋柏延",98,"张丽,张盛,张超,陆建华,陈曦,尤政,葛宁,陶晓明",8
陈难先,陈难先,1,陈难先,1
陈晔光,"章隽宇,亓振,许华曦,张丽霞,苏祖琦,陈峰,徐玄昊,陈晔光,俞立,高霞,张素平,严晓华,张秀芳,张然,李叶华",15,"俞立,陈晔光,陈峰",3
欧阳明高,"张华,田光宇,童毅,张京永,连长震,杜仲,刘宏,王晓光,洪木南,闫凤军,何桦,李相俊,王熙,石英乔,才艺欣,张人千,朱春雨,张剑波,杨学清,龚庆杰,曹桂军,冯旭宁,周明,杨福源,帅志斌,韩雪冰,高国景,孙鸿,龚振青,叶强,何涛,白露,黄海燕,杨学青,刘光明,杨雨平,吴骞,谷靖,周洁敏,奉玮,田硕,方铁刚,郝守纲,王超,徐梁飞,王树博,夏胜枝,鹿笑冬,李进,欧阳明高,卢青春,方成,张奇,张科勋,刘峥,张俊智,吴俊涛,华剑锋,陈超,韩强,张抗抗,郝瀚,胡明寅,陈林,安利强,王贺武,张可,刘蒙,何向明,冯宗磊,卢启龙,李希浩,陈全世,卢兰光,朱妮,夏文川,裴普成,程夕明,何彬,仝猛,邵静h,卢东斌,周杰敏,李哲,程驰,王瑛,熊华胜,金贝,李建秋,郝守刚,王宏桥,林镇宏,李中,任亮,谢志刚,余勇,金振华,王诚,王延岭,梁金华,包成,刘原,刘明基,高大威",104,"徐梁飞,张俊智,王贺武,田光宇,韩雪冰,陈超,李建秋,金振华,裴普成,张剑波,欧阳明高,郝瀚,李哲,周明,杨福源,高大威,刘峥",17
范守善,"张跃钢,刘亮,陈浩明,胡平,凌涛,李群庆,陈培毅,高乃飞,顾秉林,陈墨,薛其坤,施常青,邬鸿彦,范守善,姜开利,隋森芳",16,"张跃钢,姜开利,李群庆,顾秉林,薛其坤,范守善,胡平,隋森芳",8
周炳琨,"奉飞飞,黄翊东,娄采云,华楠,吴群,蔡林,陈智浩,陈健,王青,姚敏玉,李俊杰,李春茂,郑浩成,段玉生,蔡金星,钟立晨,金韬,刘凤海,谢世钟,闫娟娟,黄哲林,徐承材,韦朝炅,张戟,董启明,倪文达,岳超瑜,谢涌,董毅,刘薇薇,马晓红,陈雯路,刘汪洋,潘仲琦,沈德忠,徐志根,陈明华,李艳和,张志坚,李德杰,杨春,陈宏伟,张沁磬,许知止,周炳琨,姚劲,刘小明,陈家骅,杨晓辉,高以智,王华,吴红兵,范崇澄,吴克瑛,郭奕理,闻和,王新宏,高志国,柴燕杰,查开德,郑小平,黄冬梅,焦悦光,张克潜,王江林,顾东华,吴庚生,张汉一,霍玉晶,吴源相,王晖,杨今强,李佟,周祖成,吴之林,厉群,周仪清,闫成至,王燕,张巍,蒋俏峰,钟山,陈新,罗毅,彭江得,廖延彪,王大鹏,张洪明",88,"王燕,张巍,杨春,陈新,罗毅,陈宏伟,黄翊东,马晓红,陈明华,华楠,郑小平,陈健,周炳琨,王青,张洪明",15
孟安明,"齐晶晶,胥鹏飞,李明,曹莹,苏颖,孟安明,孙智慧,陈晔光,田甜,贾顺姬,赵呈天,赵珏,金鹏",13,"孟安明,陈晔光,李明,贾顺姬",4
段文晖,"吴健,常昊,王建峰,史武军,司晨,杨莉,刘志荣,黄宁东,汤沛哲,陈鹏程,倪军,刘军伟,陈曦,李元昌,王世范,段文晖,陈晓彬,吴忠庆",18,"段文晖,陈曦,倪军",3
赵玉芬,"殷巍,韩波,牛艳玲,冯亚兵,张南京,留筱厦,吴为辉,李研,王芹珠,苗志伟,麻远,成昌梅,刘倩,刘鹏,赵文超,杜进堂,严竞竞,吴耀文,杜伟,刘海,赵刚,王宁,毛应群,陈益,张祯,曹胜利,施小新,陈水冰,马强,金鹏,尹应武,安逢龙,刘峰,陈忠周,谭波,陈晶,乔仁忠,李人望,王倩,黄志平,蒋宇扬,孙麒,马庆丰,李武,魏玮,冯玉萍,于文胜,钟尚宾,郑一哲,罗施中,付川,刘伟,赵玉芬,陈永湘,朱长进,李艳梅,薛楚标,杨杰,张琼,郭燕婷,李永芳,万荣",62,"刘峰,杜伟,刘伟,赵玉芬,陈永湘,蒋宇扬,李艳梅,成昌梅,刘鹏",9
南策文,"郑泉水,郭双桃,南策文,邓斐,刘俊明,宋宇",6,"郑泉水,南策文",2
柳百新,"马春来,王文超,兰爱东,陈益钢,崔苑苑,丁菊仁,李正操,柳百新,张晶星,范毓殿,蓝爱冬,李文治,刘剑波,苗伟,马恩,张青,沈毅雄,李彬,黄立基,冯嘉猷,夏维,白雪,潘峰,姜浩,龚浩然,陶琨,卢红波,和志刚,李兆峰,赖文生,朱德华,邰凯平,严华锋,李家好,孔令体,白新德",36,"李彬,赖文生,刘剑波,潘峰,苗伟,李正操,柳百新",7
饶子和,"周卫红,饶子和,王刚刚,杨海涛",4,饶子和,1
施一公,"施一公,王丰,云帆,黄永鉴,饶毅,田姬熔,陈晔光,程玺,孙兵法,胡雨寒,杭婧,王翊",12,"施一公,陈晔光",2
费维扬,"周莉骅,崔敬杰,刘利锐,姜维,房诗宏,饶麒,许异辉,吴洪,于志刚,赵方鲜,温晓明,毛卉,雷夏,陈健,马树东,陈锡勇,朱慎林,桂霞,宋新月,毛依军,沈忠耀,杨建云,郭庆丰,李洪波,吕智文,钱宇,牛卿霖,孙兰义,秦炜,魏海国,张宝清,许宏庆,费维扬,刘娜,王运东,万银坤,李承昭,彭勇,于杰,查五一,周文戟,汪家鼎,罗淑娟,罗伟亮,尹晔东,于燕梅,林佑东,冯萍,董立户,艾宁,郭栋,骆广生,陈建娟,姜忠义,赵兴雷,潘国昌,贺新生,王德华,高光华,朱兵,陈德朴,樊建华,陈德宏,夏凌风,吴可荆,涂海意,戴猷元,李保红,李红伟,周麓波,杨基础,汤志刚,谢艳丽,祖超,邹洋,李翼,任钟旗",77,"朱慎林,郭庆丰,骆广生,张宝清,秦炜,彭勇,戴猷元,费维扬,潘国昌,王运东,高光华,陈健,杨基础,汤志刚,沈忠耀,朱兵,于燕梅",17
姚期智,"姚期智,王大中,顾秉林,陈皓明,汪劲松",5,"顾秉林,姚期智,王大中,汪劲松",4
顾秉林,"朱嘉麟,朱邦芬,杨莉,胡辉,曹必松,李群庆,王喜坤,高乃飞,顾秉林,黄志峰,曹志良,吴健,郝少刚,姚毓明,卢军强,石宏霆,白晓刚,唐道华,桂红,童志峰,郭永,王强,陈信义,熊家炯,张刚,刘华,倪军,王世范,刘晶南,范守善,周刚,张孝文,楼永明,王斌,郁伟中,胡和平,段文晖,陈克丕",38,"朱邦芬,范守善,王强,李群庆,王斌,顾秉林,倪军,段文晖,郭永",9
黄永刚,"黄永刚,冯雪,王永",3,"黄永刚,冯雪",2
黄克智,"严文裔,谢大吉,胡在谦,黄勇,吴坚,范成业,江冰,杨卫,郑思梁,刘彬,高岳,郑思,邹雨,吕炜,薛明德,王和慧,陈伟,邓勇,董亚民,靳志和,殷志强,余寿文,韩斌,王禾翎,郑兆昌,陆明万,方岱宁,程莉,文小凡,蒋智翔,郑泉水,王波,魏宝成,董雪林,徐秉业,付承诵,陈曦,郝苏,黄克智,郭田福,杜青海,柳占立,李东风,朱国栋,徐锋,邱信明,冯峰,华达浩,秦江,张丕辛,向志海,肖思,何宗彦,李世玉,周春田,罗学富,冯雪,孙庆平,王志刚,姜汉卿,庄茁,朱先奎,王健",63,"郑泉水,邱信明,冯峰,王波,吴坚,向志海,杨卫,刘彬,冯雪,陈曦,黄克智,庄茁,柳占立,王健",14
隋森芳,"昌增益,胡勇,吉尚戎,吕继华,俞从容,冯冠平,区耀华,谢文章,陈勇,王世珍,王宏伟,赵南明,隋森芳,王希成,谢鑫,赵文龙,黄萱,刘长振,薛毅,潘锡江,陈鹤鸣,白晓辰,张帆,陈凯声,吴秉芬,夏晓峰,梁俊峰,王福,江健森,贺雨虹,路英杰,蒋五玲,沈庆涛,陈浩明,许淼,米立志,公衍道,吴桦,江建森,张超,文辰晖,马红,罗建邦,张雪峰,陈清明,刘京国,蒋伍玲,刘铮,覃宏,李湘辉,肖才德,衣志伟,陈皓明,陈果,孙占华,王少鹏,何立,曾雪梅",58,"刘铮,薛毅,张超,王宏伟,隋森芳",5
程津培,"冯长根,刘德培,彭先觉,袁驷,程津培",5,"程津培,袁驷",2
温诗铸,"卢颂峰,季林红,高峰,姚俊斌,金元生,邵天敏,孟永钢,赵弋洋,王广振,胡波,张晨辉,董云开,蒋玮,张祖明,张伟,蒋继乐,郝智秀,胡元中,裴有福,王家序,周春红,蒋洪军,吴昊,秦力,沈万慈,刘英杰,绀野大介,钱林茂,李文治,盛选禹,何雨,孟永刚,王馨,曹乃珍,王慧,温诗铸,刘珊,刘姗,丁建宁,朱东,于效光,熊毅,张晓昊,陈大融,张勇斌,杜红世,卿涛,王静,王金辉,李翠红,齐军,阎绍泽,黎明,邹鲲,路新春,郭丹,沈明武,苏才钧,徐峰,王良御,常秋英,侯克平,邹茜,张敏梁,茅海荣,史兵,郑杰,万超,沈瀛生,潘国顺,张向军,翟骥,杨明楚,叶青,王正德,雒建斌,郑凯,田煜,周强,叶子申,李娜",81,"田煜,季林红,吴昊,秦力,潘国顺,阎绍泽,盛选禹,路新春,郭丹,邵天敏,王慧,孟永钢,温诗铸,张向军,雒建斌,张晨辉,张伟,周强,郝智秀",19
雒建斌,"张力,郭东明,高峰,孙家振,黄朋生,张振宇,彭泳卿,顾欣,张晨辉,张幸红,张伟,江亮,何雨,钱林茂,盛选禹,钟敏,李文治,刘姗,王慧,温诗铸,郭玉龙,齐军,刘岩,方岱宁,梁鹤,陈大融,朱永华,张洪玉,马俊杰,金卯,董莹,屠锡富,戴媛静,司丽娜,马丽然,李津津,路新春,郭丹,沈明武,徐学锋,黄平,杨文言,韩杰才,王亮亮,张韶华,徐进,苏亚,常秋英,张扬,史兵,刘宇宏,闫晶,潘国顺,荆阳,黄义,刘书海,杨明楚,雒建斌,袁治,张磊",60,"刘宇宏,潘国顺,马丽然,李津津,盛选禹,路新春,郭丹,王慧,温诗铸,顾欣,张晨辉,刘岩,雒建斌,张扬,张伟,张洪玉,张磊",17
潘际銮,"霍鑫,张,吴瑶,苏勇,潘际銮,张华,程柏,徐振越,张丽霞,张伯奇,许平非,廖宝剑,张人佶,乔尚飞,陈健,曹彬,刘正文,孙振国,陈劲松,王克争,费跃农,刘文焕,张骅,陈武柱,李轶非,和存立,胡梦佳,杨朝红,蔡志鹏,郑云蔚,曹启亨,何雨晨,袁家军,区智明,王梁,周葵,马兆瑞,都东,吴志强,柳长春,何方殿,范开果,金建敏,邱强,郑军,冯智力,柳百成,闻玉梅,施克仁,张人豪,焦向东,朱志明,李舒扬,车洪艳,陈强,何云峰,吴峰,朱森强,张婷,乔东,虞俊,孙林根,曾国华,许晓进,颜永年,李克俭,覃健,高力生,线宏智,李鹏,熊卓,张绍彬,韩赞东,鹿安理,张伟,赵海燕,汤之南,沈德永",78,"赵海燕,潘际銮,郑军,柳百成,李克俭,蔡志鹏,李鹏,朱志明,韩赞东,陈强,陈健,都东,张婷,张伟,孙振国",15
薛其坤,薛其坤,1,薛其坤,1
王玉明,"王占朝,吴琼,赵星宇,贾晓红,林尤滨,武淑琴,刘向峰,刘向锋,王志豪,魏琳宗,王玉明,王晓雪,索双富,胡松涛,李京浩,温庆丰,廖传军,黄伟峰,李永健,黄首清,王涛,宋智翔,刘伟,王悦昶,陈华明",25,"王涛,黄伟峰,王玉明,刘伟,吴琼,贾晓红,李永健,索双富,刘向锋",9
王思敬,"王建新,王思敬,孙亮",3,王思敬,1
尤政,"顾明,陈益峰,王竹,李冠华,周海清,王伯雄,叶良琛,陈学坤,李建,高伟,陈轶,董恺琛,赵书敏,刘兴占,孟力,章恩耀,苑京立,阎梅芝,孙剑,胡穆之,李勇,于世洁,毛刚,董斌,张晨光,赵岳生,蒋洵,顾启泰,赵剑,梁晋文,张紫辰,付俊明,林杨,孙婷,张向祺,叶雄英,田芊,王梦P,孟子阳,张海云,邢飞,王子D,陈非凡,杨冉,杜杰,罗维国,黄虎,任大海,董哲,高永丰,杨韧,邱宗德,朱煜,田宁,王巍,戴汩,田芋,姚健,王,马林,胡庆英,郑义,王晓峰,杨建中,刘雷,李颖鹏,杨春宝,郑刚,熊剑平,范春石,徐登峰,尤政,李珂,薛旭峰,苏琨,张东仁,田贺祥,卢凯,田景峰,周兆英,戴震宇,卫F嵩,刘学斌,刘有军,林闽,陈俊收,赵冶,张鸣,贾松涛,张高飞,王屹滨,郑伦贵,孙文泱,贾惠波,吕书德,任伟明,武延鹏,董瑛,黄新宇,温志渝,文春明,曹哲,齐炜胤,李承斌,阮勇,尹亚江,王洪剑,陈军,陈智刚,郝云彩,李慧娟,王晓初,李滨,曾海明,张弛",115,"李勇,任大海,王晓峰,曾海明,孟子阳,朱煜,王巍,杨建中,阮勇,李建,邢飞,徐登峰,陈非凡,尤政,张鸣,李滨,张弛,董瑛,叶雄英,张高飞",20
龙驭球,"邹佑学,陆新征,姚振汉,匡文起,李聚轩,包世华,黄民丰,须寅,袁驷,张涵,支秉琛,岑章志,岑松,王作垣,陈晓明,龚耀,陈永亮,鞠伟,李宏光,赵俊卿,单建,张春生,辛克贵,龙驭球,崔京浩,赵毅强",26,"龙驭球,岑松,陆新征,袁驷",4
朱永,"宋崇立,何其盛,殷武,何培炯,庄永能,王学军,樊诗国,刘学刚,焦荣洲,万春荣,秦永生,唐文成,沙清桂,朱永,吴秋林,朱礼洋,田国新,徐景明,陶家洵,郁建涵,王守忠,姜长印,孟祖贵,陈靖,邓劲光,王兴海,池汝安,景山,宋心琦,王士柱,丛进阳,李总成,冯正风,戴为智,梁俊福,段五华,曹丕佳,杨欣,文明芬,杨大助,胡熙恩,廖史书,陆九芳,韩宾兵,曹轩,张伟,刘秀琴,李阳兴,刘秉仁",49,"朱永,陆九芳,张伟,廖史书",4
关肇邺,"程晓喜,韩孟臻,关肇邺,姜娓娓,张盛丽,吴良镛,王彦,陈尧,刘玉龙",9,"吴良镛,关肇邺",2
江亿,"徐继军,魏庆M,郑忠海,高志宏,秦蓉,徐瑛,李震,赵彬,谢晓云,常晓敏,康艳兵,陈晓阳,狄洪发,张海强,张岩,秦佑国,田浩,杨秀,江,林波荣,彭琛,李永红,李岩,江邑,莫青,成通宝,张伟荣,张晓亮,樊洪明,燕达,赵荣义,刘烨,赵康,夏建军,王苏颖,王刚,林坤平,付林,曲凯阳,朱颖心,张野,秦绪忠,杜敬三,张寅平,戴斌文,韩伟国,张声远,夏一哉,张涛,丰晓航,曾剑龙,柴沁虎,谢晓娜,王远,郭非,江亿,李元哲,李先庭,易晓勤,陈琳,彦启森,杨巍巍,王补宣,刘晓华,方豪,姜子炎,刘兰斌,常东来,宋芳婷,薛志峰,吴如宏,王威,齐晔,耿克成,刘拴强,简毅文",76,"王补宣,李震,刘烨,张涛,李岩,江亿",6
安继刚,"周立业,刘锡明,朱胜江,童建民,向新程,丛鹏,邬海峰,王立强,谢长清,曲长芝,刘以思,刘桂林,黄毅滨,吴志芳,王守忠,卿上玉,尹在哲,张颜民,顾伯华,沈毅雄,黄毅斌,李明,郝朋飞,高宝增,邬海锋,何天青,吴学超,安继刚,李毅强,郑沅水,刘德绍,王振涛,刘金汇,裘伟东,王诚泰,张静懿",36,"李明,安继刚",2
孙家广,"李新友,刘东升,刘续征,刘澎,洪先龙,郭陟,朱长才,王学福,吴怀军,汪国平,冯荣峰,刘芳,唐泽圣,陈玉健,顾明,袁波,杜明翠,叶晓俊,冯宏华,赵建伟,刘强,周琛,张慧,邓大鹏,黄钢,施侃乐,范刚,胡事民,陈爱,赵修伟,刘敬,郑国勤,刘世霞,吕浩进,秦开怀,肖力田,刘玉身,王建民,赵曦滨,查海平,刘喜明,衣春生,彭宇,吴邦欲,赵亮,柳西玲,季敏雯,许隆文,向东,骆科东,漆驰,李彦涛,王涛,竺士敏,辜凯宁,郭聿林,王斌,吴启明,严冬明,陆薇,孙家广,董未名,雍俊海,张钹,杨怀平,李庆虎,朱翔,杨长贵,王泽毅,贺飞,闻立杰,周昀,左征",73,"王涛,刘强,王斌,张钹,孙家广,胡事民,秦开怀,向东",8
李三立,"陈英明,方兴,孟杰,林成江,朱子玉,李亚民,武剑锋,王晓英,麦联叨,熊守美,顾雷,张瀛,王坤,黄国勇,戈弋,王罡,唐瑞春,周桂林,杜彬,吴梦月,罗玉华,向勇,柳百成,武剑峰,时培植,黄巍,李三立,沈时军,吴昭,黄震春,傅兴钢,柴云鹏,王小鸽,解月剑,陈磊,刘昊飞,王显著,廖恒,许斌,卓小越,都志辉,李树有,柳瑞恒,马群生,张伟,何川",46,"陈磊,向勇,柳百成,许斌,王罡,张伟,都志辉,熊守美,黄震春,李三立",10
李龙土,"孙竞博,孟永钢,王树昕,宗瑞隆,唐育英,缪春林,樊亦伟,白海林,沈建红,毕晓鹏,胡伟,万冬梅,吴音,顾威,孟祥宇,周济,鲍健儿,岳振星,王雨,张洪国,王德君,王睿,何元金,李龙土,邓维体,罗红雨,黄勇,仇正祥,蔡锴,陈仁政,朱青,齐西伟,韩秀全,沈文江,谢志鹏,赵宏杰,陈万平,桂治轮,蔡娟,孙瑜,王浩,季叶,王茂,马振伟,马兴坤,郭淳,周晖,蔡坤鹏,张孝文,尉京志,萧小月,秦天,白洋,朱永法,董为民,杜鹏,邱虹云,齐建全,钟亮,曹立礼,林红,文海,高素华,闫婧,崔爱莉,周世平,李建保,方菲,王保卫,苏水源,黄学光,董蜀湘,王常生,桂冶轮,阎立,李琦,郭栋,李勃,曹江利,卜小东,闫培渝,吴海燕,赵建玲,郁伟中,刘忆翥,李娴,赵景畅,王永力,赵飞,曾智强,邵天敏,邬军飞,曲卫国,周铁英,胡晓冰,刘小萍,李俊国,周和平,张勇,孙黎,李鑫,陈翔宇,刁雷,李恩竹,龚文,康爱国,郭文宇,杜波,李宝让,孙振新,阎培渝,陆新民,邱海波,魏晓勇,褚祥诚,李亚运,杨刚",117,"崔爱莉,阎培渝,岳振星,谢志鹏,李琦,朱永法,邵天敏,方菲,孟永钢,李鑫,褚祥诚,王睿,林红,李龙土,李勃,周济",16
李恒德,"马春来,孙文珍,张芳伟,何卫,李嘉,张济忠,冯庆玲,武庆兰,王英华,李恒德,丁菊仁,金敏超,余j,范玉殿,王宇,柳百新,梁彤翔,范毓殿,汪泓宏,闫忻水,吴晓东,李文治,陈鹤鸣,贺小明,邱健全,赵宏生,殷宏,程国安,汤海鹏,彭平华,王浩,冯嘉尤,唐昭平,郑隆烈,孙晓丹,黄立基,刘晓民,及开元,冯嘉猷,章开琏,张效忠,赵翔,林浩祥,战景林,潘金生,何向军,史彦涛,陶琨,陈震,王立铎,王秀梅,蔡强,徐鲁华,朱庄德,马志龙,和志刚,江海,田嘉禾,吕允文,崔福斋,陈皓明,刘长洪,田民波,李艳,翁端,张继",66,"孙晓丹,吴晓东,王秀梅,李恒德,刘长洪,翁端,王立铎,柳百新,蔡强",9
李道增,"李道增,吴良镛,许瑾,庄惟敏,文爱平",5,"吴良镛,李道增",2
李焯芬,"张建民,李明,胡耘,张嘎,刘文星,李焯芬,王丽萍,张嗄,钱纪芸",9,"张建民,张嘎,李明,李焯芬",4
吴建平,"王东,李福亮,郝瑞兵,宋林健,王常吉,赵邑新,李锁钢,刘莹,林嵩,吴英华,张金祥,刘鸿,尹霞,梁志勇,蒋义,冯晓东,王利,范晓勃,刘武,王沛渝,盛立杰,李风华,杨家海,朱钢,杨波,罗文,王胜灵,张威,李崇荣,程祥斌,熊勇强,李星,马辉,朱虹,段海新,周玲,吴建平,姜宁,赵有健,韩博,崔武成,陈剑,王彬,王晓峰,李贺武,吴鲲,陈修环,张新文,任罡,李中杰,丁晓乐,蔡家鹏,章淼,张培云,赵军,徐明伟,阳旺,李子木,江勇,李琦,安常青,全成斌,王建国,朱敏,鱼晓丽,王立军,施新刚,陈东洛,罗世新,石锋,王之梁,高勇,曾伟,毕军,叶明江,温世强,史美林,王继龙,崔勇,柴云鹏,周苗,乐祖晖,曹锐,喻中超,林闯,胡宇,汤秀辉,徐恪",88,"王立军,李崇荣,刘莹,李星,王之梁,马辉,段海新,徐明伟,吴建平,赵有健,杨家海,尹霞,江勇,毕军,李琦,王继龙,崔勇,全成斌,王晓峰,李贺武,朱敏,徐恪",22
吴澄,"范玉顺,孙元凯,尹文君,曹军威,石伟,柴跃廷,喻明,林慧苹,陈少卿,孙跃鹏,许青松,任守榘,周华,熊光楞,戴元顺,郝井华,宋士吉,杨英杰,杨盛,吴怡,蒋贵川,陶丹,董明宇,蒋新松,程序,祝崇隽,王然,杨建军,俞新贞,崔德光,张瑞,吴澄,韩坚,程朋,李芳芸,金尊和,刘民,崔亚军,李鹏,罗海滨,由勇,纪鹏程,范楠,王会玲,金锋,杨建华,王雄",47,"程朋,杨建军,刘民,柴跃廷,石伟,李鹏,吴澄,宋士吉",8
张尧学,"李兴,高原,田鹏伟,王晓春,常东,徐广斌,马洪军,常冬,宋建平,彭玉坤,张尧学,戴一奇,刘思平,扈维,魏子忠,乔松,陈成才,周悦芝,夏东林,孟斌,司天歌,徐鹏志,张驰,傅晓明,杜波,黄骐伟,刘云新,陈桦,金鑫,王洪波,钟鸣,邵巍,杨浩民,吕骥,方存好,史美林,匡文渊,蔡开利,白宇,杨华杰,吴超,郭关飞,罗鹏,王晓辉,盖峰,肖淑男,赵艳标,刘金钊,李涛,韦理,翁林开,张越,彭明田",53,"周悦芝,张尧学",2
张建民,"张建民,于玉贞,张应刚,张嘎,付鹏程,刘芳,王富强,牟太平,马立秋,梁东方,薛富春,张嗄,罗刚,江春波,荣冰,陈杨,王刚,李明,冯大阔,刘超,侯文峻,程嵩,殷昆亭,孙振岳,李子豪,宋飞,张丙印,胡耘,郑瑞华,濮家骝,陈胜立,李焯芬,王睿,钱纪芸",34,"张建民,于玉贞,李明,张丙印,张嘎,李焯芬,刘超,江春波,王睿",9
陈丙珍,"孔明放,吴建锋,孙柏铭,李强,姜春阳,王如强,郝俊斌,张凡,吴凯,赵劲松,李博,朱振伟,李有润,王杭州,张玉坤,金涌,陈宏,王健,张春良,高晓丹,石宇,张蕾,晏东,徐强,姜太文,任世明,何小荣,贺建农,夏禹杰,张小安,李初福,胡山鹰,彭辉,覃伟中,蒲扬飞,段永红,张建广,施文俊,袁志宏,周祥,聂秀荣,李旭,蒋东,刘葱,张健,沈静珠,郭彦,冯玉仲,陈宁,田澎,陈定江,卢宪茂,蒋浩,段东勇,陈丙珍,朱兵,朱剑锋,邱彤,邹来禧,赵岩,戴一阳,陈方泽,吴建昱,从松波,张能力,赵晓光,刘朝玮,张磊",68,"李有润,邱彤,李强,金涌,陈宏,张磊,袁志宏,陈丙珍,陈定江,张健,沈静珠,何小荣,赵劲松,朱兵,胡山鹰,李博,王健",17
陈肇元,"徐善华,李克非,池跃君,钱稼茹,陈肇元,郭红仙,陆新征,李春秋,卢谦,朱金铨,邢秋顺,阚永魁,张想柏,徐有邻,袁驷,谢涛,罗文斌,宋二祥,彭细荣,卫海,王志浩,季耀东,路新瀛,吴佩刚,孙宏伟,崔京浩",26,"李克非,陈肇元,郭红仙,陆新征,路新瀛,宋二祥,袁驷",7
金涌,"谢晓峰,王唐,姚文虎,王志良,韩明汉,周黎明,张英才,祁春鸣,辛洪良,周丽,汪智国,雨山江,刘罡,王铁峰,刘峰,杨卫国,王娣,王,陈胜,邢爱华,施卫贤,李立新,王,王长青,陈德明,龚燕丽,俞芷青,魏飞,胡庆元,余亚东,覃操,刘金忠,向英,梁五更,杨毅,丁石,刘畅,李有润,崔玉斌,向兰,吴群伟,宋续祺,郭艳,易江林,刁杰,张明辉,王光润,丁宇龙,吴玉龙,程易,王瑶,金永成,杨艳辉,裴广玲,周禹成,王轶,阳宜洋,刘铮,韦冰心,孙晓宇,高晗,施国强,吴庆流,陆坊斌,杨勇林,蔡平,董兰忠,王金福,陈和,崔爱莉,左宜赞,郑雨,李荣先,易伍浪,胡永琪,余皓,骆添,胡山鹰,彭秉璞,郭印诚,何虹,骆广生,王伦伟,尹秀艳,沈静珠,梁卫华,杨俊,贾新莉,张礼,双h,邓任生,王淑芳,吴昌宁,林玉兰,崔新立,刘唐,韩宾兵,赖志平,白丁荣,吴B,章莉,钱震,周力行,张欢,骞伟中,万晓涛,刘飞,崔哲,颜彬航,韩社教,李志强,金涌,汤效平,董斌琦,赵琳,汪展文,何红,黄水源,孙竹范,陈建平,林仟,陈定江,林靖,刘蓉,徐聪,王亭杰,朱兵,李晓,王德峥,韩禄,文艳,甘俊,张书良,刘会娥",134,"杨毅,姚文虎,韩明汉,颜彬航,王金福,李有润,向兰,崔爱莉,金涌,王光润,赵琳,汪展文,胡山鹰,王铁峰,刘峰,程易,郭印诚,骆广生,王,陈定江,沈静珠,俞芷青,魏飞,张礼,王亭杰,朱兵,王德峥,王淑芳,刘铮",29
岳光溪,"张继锋,王文选,张戟,相鹏,叶大均,王卫良,任维,彭晓峰,曾瑞良,岳光溪,田雪沁,侯祥松,凌晓聪,冯俊凯,李政,汤根土,王宇,叶科,王明敏,李博,徐猛,黎永,赵新木,李燕,李金平,蔡春荣,朱明善,徐秀请,白玉刚,李文凯,胡文斌,刘颖,管清亮,路霁翎,辛健,罗N,肖显斌,茅泽育,刘青,徐秀清,郭远熊,高强,王进伟,张建胜,赵升伟,马明华,许昕,田勇,张扬,赵石铁,路霁_,刘艳霞,郝添翼,毕大鹏,周勇,杨海瑞,张巍,王补宣,金晓钟,于广辉,郭庆杰,王启民,常东武,倪维斗,张海,周军,王维城,马利强,王昕,杨艳萍,王爱民,由长福,杨石,吕俊复,吴玉新,张磊",76,"杨海瑞,张巍,王补宣,常东武,倪维斗,茅泽育,张海,岳光溪,吴玉新,张建胜,李政,张扬,吕俊复,李博,张磊",15
金国藩,"王凤涛,刘海松,朱钧,鲍鹏,卞新高,孔祥贵,吴圣涵,陆超,赵燕,苏萍,刘海涛,韩艳梅,谭峭峰,张京城,巩马理,顾华荣,徐端颐,谭耀麟,王思华,翟金会,邓超,王佳,余东校,杨怀栋,陈科新,刘兴占,张B酥,张书练,曹良才,余官正,程慧玲,王文陆,檀文钊,郑学哲,杨昆,黄雄斌,黄东,赵,付振海,颜树华,王超,汪顺利,连波,朱振东,李建华,王道义,何庆生,欧阳川,才德,何庆声,王金玉,陆思,赵丽萍,冯文毅,毛文炜,程侃,邵冰,曾吉勇,丁立,张培琨,李群庆,何树荣,李岩,徐宁汉,方仲彦,冯迪,陈谭轩,周兆英,潘龙法,殷松峰,余兴龙,张雁,黄欢,王为宇,许振丰,竺子民,马强,虞祖良,谭小地,徐立,陆达,严瑛白,冯铁荪,王津楠,邬敏贤,冯继宏,刘国栋,金国藩,张浩,黄星月,成罡,马晓苏,薛庆增,冀艳峰,朱若剑,雍涛,曾发,黄高贵,周哲海,王大陆,王建岗,杨强,黄战华,黄大为,王旭,傅杰,瞿宗耀,赫明钊,温志庆,张鹤,宋修宇,王民强,谢敬辉,周少敏,商未雄,吴周令,王,索忠,廖延彪,伊德尔,黄国亮,杨向阳",122,"丁立,李群庆,谭峭峰,杨怀栋,巩马理,朱钧,金国藩,张浩,顾华荣,杨强,黄国亮,李岩,曹良才,苏萍",14
周济,"齐建全,于相龙,毕科,王婷,孙竞博,臧涛,陈乔,刘震东,李博,谢芹,齐西伟,缪春林,梁彬,赵宏杰,张宝清,沈奇奇,陈立钦,沈建红,郝立峰,苏水源,桂治轮,黄学光,林旭平,马振伟,郭海,杜波,王常生,周晖,李宝让,曹婧,黎维彬,李勃,蔡坤鹏,周济,王昊,孙振新,张孝文,邓长生,岳振星,白洋,李吉皎,张洪国,王睿,李亚运,李龙土,蔡敏敏,马景陶",47,"岳振星,王睿,张宝清,黎维彬,李龙土,李勃,周济,李博",8
范维澄,"韩雪峰,刘奕,范维澄,乔晗,许伟,翁文国,王俊艳,张一民,朱达人,李晶晶,申世飞",11,"范维澄,申世飞,翁文国",3
郝吉明,"程真,薛志刚,许嘉钰,谭吉华,马永亮,彭艳春,杨永,崔翔宇,田贺忠,王建昕,赵大庆,陆永琪,段雷,祝晓燕,吕子峰,徐康富,陈阳,田贺中,武金宝,吴烨,吴文景,常新莲,张楚莹,周中平,陈景欢,刘敏,林缨,王仁虎,傅慧静,陆永祺,邢佳,郭兴明,李琪琳,阿庆兴,朱永青,于超,赵瑜,麦华俊,姚小红,程玲琳,黎维彬,柯锐,陈瑶晟,程轲,黄正宏,齐超龙,贺克斌,窦红颖,傅立新,孙庆贺,李国文,李林,赵,叶雪梅,王延吉,张鹤清,张磊,常诚,王丽涛,郝吉明,杨柳,李俊华,朱天乐,周学龙,李继,常兴,余学春,刘凡岩,马红,何正旭,韩浩玉,王雪纯,王书肖,李伟,王龙,徐瑾,宋少洁,杨志山,晁红勋,卜天琪,肖建华,尹寒卉,沈F嘉,崔平,赵郁超,靳腾,陈强,胡京南,刘遥,胡洪营,康飞宇,刘阳,何东全,魏丽斯,罗传奎,闫小光,刘志明,魏铁军,蒋靖坤,刘海静,陈建军,武山",102,"赵大庆,胡洪营,王书肖,康飞宇,黄正宏,吴烨,许嘉钰,贺克斌,段雷,郝吉明,蒋靖坤,邢佳,傅立新,陈强,黎维彬,马永亮,王建昕,李俊华,陈建军,张磊",20
柳百成,"金平,张新平,梁吉,李德华,闻星火,刘艳改,霍亮,吴勤芳,王哲,唐宁,朱维,谭利坚,袁R,熊守美,李文胜,石玉峰,贾宝仟,方能炜,赵红兆,张然,吴德海,张光跃,程建国,康进武,孙立斌,梁作俭,罗筠,程万里,李忠林,许庆彦,周进,胡永沂,贾良容,马长文,邱伟,王柯,王罡,张卫善,李培锋,沈厚发,杨文,王东涛,潘冬,裴清祥,程军,陈瑞,龚铭,郭会廷,孙力,叶小刚,柳百成,董树勇,王镭,荆涛,赵代平,白天申,闫学伟,李金玺,吴亮,陈驾宇,贾良荣,李永保,李文珍,张卓其,冯伟明,刘祥德,曹海峰,袁新,闫焉服,张家锋,白雪峰,张雷,沈丙振,刘志勇,张焕鑫,张希俊,刘蔚羽,黄天佑,缪家明",79,"康进武,金平,袁新,许庆彦,周进,柳百成,荆涛,王罡,王哲,沈厚发,熊守美,李文珍,张雷",13
贺克斌,"郭景海,何晓朗,申现宝,解明曙,程远,王新彤,贾英韬,张良平,时宗波,张英志,陈雁菊,刘欢,谭吉华,段凤魁,范学钢,刘炳江,李政,万奇,马永亮,高彦芳,李英红,唐嘉平,刘启才,沈岩,袁敬,晁红勋,杨龙,姚志良,王丽涛,郝吉明,李锋亮,王鼎益,常诚,张迪瀚,彭立群,郭涛,毛其智,李俊华,赵晴,赖鑫,秦颖超,霍红,陈旭,冯柳青,苏昕,李继,周中平,陆永琪,帅石金,胡东成,段雷,周雪明,余学春,陆化普,姚崇兰,常青,黎维彬,刘辉,杨复沫,项萍,石晓燕,刘阳,王书肖,何东全,张洁,徐康富,陈亮,杨宏伟,黄霞,吴烨,贺克斌,王歧东,刘斐,贾英涛,傅立新,左剑恶,戴文楠,王岐东,李海蓉",79,"王书肖,黄霞,吴烨,帅石金,贺克斌,刘欢,郝吉明,李锋亮,段雷,陆化普,常青,傅立新,李政,李俊华,马永亮,黎维彬,左剑恶",17
聂建国,"柏宇,谭英,黄远,王锁军,钱稼茹,陈宇,王宇航,吴洪,荆建梅,周天然,聂鑫,赵洁,王挺,吴丽丽,张天申,陈林,易卫华,陶巍,李远明,樊健生,卜凡民,李法雄,陈必磊,周慧,任宝双,王宗纲,陈戈,左莹,高璀旭,黄亮,李建军,王元清,樊键生,李绍敬,祝刚,王寒冰,徐睿立,朱林森,聂建国,刁谡,樊建生,潘年,徐桂根,孙传伟,张眉河,张晓光,丁然,沈聚敏,廖彦波,李全旺,陶慕轩,朱红超,李华,李红有,李泉",55,"谭英,樊健生,陈宇,李全旺,聂鑫,陶慕轩,聂建国,王元清",8
钱易,"刘恒,梁鹏,李锐,施汉昌,徐农,王玉珏,钱易,付莉燕,李汝琪,金冬霞,汪诚文,宋保栋,席劲瑛,吕秋丽,盛建武,单立志,何嘉汉,邢传宏,张悦,韩力平,何苗,郭斌,王慧,张锡辉,董春宏,张辉明,杨琦,余若祯,刘广立,张淼,喻国策,常~宇,孔波,文湘华,黄俊,冯叶成,柳萍,杨宁,郭洁菡,藤本真由美,冀静平,周晓燕,周平,占新民,王建龙,刘若鹏,陈方荣,杜鹏飞,杜文涛,李东锋,王东海,吕萍萍,孟耀斌,田文华,胡洪营,周律,李翠珍,黄霞,景永强,邢传红,高大文,王凤芹,桂萍,余少青,林刚,刘超翔,常玉,陈吕军,姜健,王小毛,朱洪博,余刚,胡林林,顾夏声,何大江",75,"胡洪营,文湘华,黄俊,周律,梁鹏,黄霞,王玉珏,何苗,王慧,钱易,张锡辉,陈吕军,杜鹏飞,汪诚文,余刚,席劲瑛",16
倪维斗,"寇可新,黄仙,付峰,黄杰鹏,郑洪韬,何建坤,鄂春盛,陈昌和,李政,白泉,叶海文,韩吉,周,黄河,郑重,王天骄,王云波,李定凯,刘建江,李东海,张希良,吕俊复,冯文,麻林巍,张勇,陶岩,郭霞,霍福鹏,孙红,刘宇,郑洪|,高健,郑显玉,蒋东翔,韦思亮,王惺,张鹤丹,徐向东,韩志明,王静贻,冯静,何芬,刘炳刚,汤健仁,江宁,崔大龙,夏朝阳,孙昕,彭容,张寒,郑洪,曹江,艾春慧,肖小清,王中泽,周明,陈贞,焦树建,刘广建,王德惠,江亿,苟建兵,胡姗,黄以腾,杨志伟,王民汉,靳晖,李德英,汪健,王淑娟,高琪瑞,倪维斗,刘尚明,潘玲颖,李宇红,薛亚丽,王德慧,杨艳萍,张昊志,任挺进,张春,王风雨,刘文宇,许兆峰",84,"任挺进,李东海,江亿,王淑娟,麻林巍,高琪瑞,倪维斗,刘尚明,张春,李宇红,薛亚丽,李政,周明,蒋东翔,吕俊复,许兆峰",16
程京,"衣光舜,张亮,张坚,孙宝全,程京,荆高山,陈德朴,许俊泉,周玉祥",9,"程京,荆高山",2
韩英铎,"沈斐,刘文华,胡志祥,赵正毅,张力,柳勇军,薛巍,张树卿,张秀娟,曹建中,刘炳,白玮,谢小荣,于松泰,马维新,沈东,陆超,王晓波,韩英铎,宋强,张春朋,齐国光,崔文进,魏念荣,唐志,何学农,魏应冬,李立理,陈建业,杨代铭,英雨,韩郁,王仲鸿,周正,夏祖华,李永东,孙元章,王强,梁旭,王娅岚,胡东成,丁仁杰,童诗白,舒继武,童陆园,黄瀚,马晓军,冯庚烈,赵良炳,秦荃华,李函,袁志昌,涂国煜,黄眉,禹华军,唐义良,石钧,于庆广,段刚,陆凯捷,王心丰,杨潮,祁达才,卢强,闵勇,陈远华,姜齐荣",67,"王强,舒继武,薛巍,韩英铎,卢强",5
蒋洪德,"何皑,陈海燕,蒋洪德,张珊珊,谢法,李宇红,刘洋,刘丙权",8,"刘洋,蒋洪德,李宇红",3
董家鸿,,0,,0
戴琼海,"朱冬冬,尹承辉,刘烨斌,谭仕勇,狄明,尹浩,张宁,王辅中,徐真真,董新久,薛春浩,陈峰,丁嵘,褚新元,刘晓冬,赵勇,刘艳,徐一凡,曾涛,吴秋峰,李俊,李菲菲,何前勇,陈冬,刘新,王亚君,曲岩,严峻,丁贵广,徐文立,陈慧蓉,朱振博,于志涛,鲁增祥,周涵宁,彭书华,林光国,尹亚光,蒋薇,黄姝睿,戴琼海,王翔,付长军,董文辉,焦敬恩,王普,曾珂,程鹏,邹乐乐,刘君宁,林晓森,季向阳,赵千川,田阳,尚明海,李炜,张晶,王斌,苏光大,尔桂花,范静涛,刘晓东,彭义刚,刘斌,袁潮,谭鹏,刘晓颖,覃毅力,石楠,石宗英,张大力,张莹,刘茂英,金以慧,张博,李九龄,牛晓雷,彭晓辉,谢旭东,林闯,张红,李华,温建伟,林孝康,王志",85,"戴琼海,李俊,石宗英,刘斌,刘新,季向阳,王斌,陈峰,张红,田阳,王志,刘晓冬",12
